Código;Descripción;Padre;;;;;;;;;;;;;;;;;;;;;;;
0;FUERZAS MILITARES;;;;;;;;;;;;;;;;;;;;;;;;
01;OFICIALES DE LAS FUERZAS MILITARES;0;;;;;;;;;;;;;;;;;;;;;;;
011;Oficiales de las Fuerzas Militares;01;;;;;;;;;;;;;;;;;;;;;;;
0110;Oficiales de las Fuerzas Militares;011;;;;;;;;;;;;;;;;;;;;;;;
02;SUBOFICIALES DE LAS FUERZAS MILITARES;0;;;;;;;;;;;;;;;;;;;;;;;
021;Suboficiales de las Fuerzas Militares;02;;;;;;;;;;;;;;;;;;;;;;;
0210;Suboficiales de las Fuerzas Militares;021;;;;;;;;;;;;;;;;;;;;;;;
03;OTROS MIEMBROS DE LAS FUERZAS MILITARES;0;;;;;;;;;;;;;;;;;;;;;;;
031;Otros miembros de las Fuerzas Militares;03;;;;;;;;;;;;;;;;;;;;;;;
0310;Otros miembros de las Fuerzas Militares;031;;;;;;;;;;;;;;;;;;;;;;;
1;DIRECTORES Y GERENTES;;;;;;;;;;;;;;;;;;;;;;;;
11;DIRECTORES EJECUTIVOS, PERSONAL DIRECTIVO DE LA ADMINISTRACIÓN Y LEGISLATIVOS;1;;;;;;;;;;;;;;;;;;;;;;;
111;Miembros del poder ejecutivo y de los cuerpos legislativos;11;;;;;;;;;;;;;;;;;;;;;;;
1111;Directores formuladores de políticas y normas;111;;;;;;;;;;;;;;;;;;;;;;;
1112;Directores del gobierno;111;;;;;;;;;;;;;;;;;;;;;;;
1113;Jefes de comunidades étnicas;111;;;;;;;;;;;;;;;;;;;;;;;
1114;"Dirigentes de organizaciones con un interés específico
(partidos políticos, sindicatos y organizaciones sociales)";111;;;;;;;;;;;;;;;;;;;;;;;
112;Directores y gerentes generales;11;;;;;;;;;;;;;;;;;;;;;;;
1120;Directores y gerentes generales;112;;;;;;;;;;;;;;;;;;;;;;;
12;DIRECTORES ADMINISTRATIVOS Y COMERCIALES;1;;;;;;;;;;;;;;;;;;;;;;;
121;Directores de administración y servicios;12;;;;;;;;;;;;;;;;;;;;;;;
1211;Directores financieros;121;;;;;;;;;;;;;;;;;;;;;;;
1212;Directores de recursos humanos;121;;;;;;;;;;;;;;;;;;;;;;;
1213;Directores de políticas y planeación;121;;;;;;;;;;;;;;;;;;;;;;;
1219;Directores de administración y servicios no clasificados en otros grupos primarios;121;;;;;;;;;;;;;;;;;;;;;;;
122;Directores de ventas, comercialización y desarrollo;12;;;;;;;;;;;;;;;;;;;;;;;
1221;Directores de ventas y comercialización;122;;;;;;;;;;;;;;;;;;;;;;;
1222;Directores de publicidad y relaciones públicas;122;;;;;;;;;;;;;;;;;;;;;;;
1223;Directores de investigación y desarrollo;122;;;;;;;;;;;;;;;;;;;;;;;
13;DIRECTORES Y GERENTES EN SECTORES DE PRODUCCIÓN Y SERVICIOS;1;;;;;;;;;;;;;;;;;;;;;;;
131;Directores de producción agropecuaria, silvicultura y pesca;13;;;;;;;;;;;;;;;;;;;;;;;
1311;Directores de producción agropecuaria y silvicultura;131;;;;;;;;;;;;;;;;;;;;;;;
1312;Directores de producción de piscicultura y pesca;131;;;;;;;;;;;;;;;;;;;;;;;
132;Directores de industrias manufactureras, minería, construcción y distribución;13;;;;;;;;;;;;;;;;;;;;;;;
1321;Directores de industrias manufactureras;132;;;;;;;;;;;;;;;;;;;;;;;
1322;Directores de explotaciones de minería;132;;;;;;;;;;;;;;;;;;;;;;;
1323;Directores de empresas de construcción;132;;;;;;;;;;;;;;;;;;;;;;;
1324;Directores de empresas de abastecimiento, distribución y afines;132;;;;;;;;;;;;;;;;;;;;;;;
133;Directores de servicios de tecnología de la información y las comunicaciones;13;;;;;;;;;;;;;;;;;;;;;;;
1330;Directores de servicios de tecnología de la información y las comunicaciones;133;;;;;;;;;;;;;;;;;;;;;;;
134;Directores  y gerentes de servicios profesionales;13;;;;;;;;;;;;;;;;;;;;;;;
1341;Directores de servicios de cuidados infantiles;134;;;;;;;;;;;;;;;;;;;;;;;
1342;Directores de servicios de salud;134;;;;;;;;;;;;;;;;;;;;;;;
1343;Directores de servicios de atención a personas mayores;134;;;;;;;;;;;;;;;;;;;;;;;
1344;Directores  de servicios de bienestar social;134;;;;;;;;;;;;;;;;;;;;;;;
1345;Directores de servicios de educación;134;;;;;;;;;;;;;;;;;;;;;;;
1346;Gerentes de sucursales de bancos, de servicios financieros y de seguros;134;;;;;;;;;;;;;;;;;;;;;;;
1349;Directores y gerentes de servicios profesionales no clasificados en otros grupos primarios;134;;;;;;;;;;;;;;;;;;;;;;;
14;GERENTES DE HOTELES, RESTAURANTES, COMERCIOS Y OTROS SERVICIOS;1;;;;;;;;;;;;;;;;;;;;;;;
141;Gerentes de hoteles y restaurantes;14;;;;;;;;;;;;;;;;;;;;;;;
1411;Gerentes de hoteles;141;;;;;;;;;;;;;;;;;;;;;;;
1412;Gerentes de restaurantes;141;;;;;;;;;;;;;;;;;;;;;;;
142;Gerentes de comercios al por mayor y al por menor;14;;;;;;;;;;;;;;;;;;;;;;;
1420;Gerentes de comercios al por mayor y al por menor;142;;;;;;;;;;;;;;;;;;;;;;;
143;Otros gerentes de servicios;14;;;;;;;;;;;;;;;;;;;;;;;
1431;Gerentes de centros deportivos, de esparcimiento y culturales;143;;;;;;;;;;;;;;;;;;;;;;;
1439;Otros gerentes de servicios no clasificados en otros grupos primarios;143;;;;;;;;;;;;;;;;;;;;;;;
2;PROFESIONALES, CIENTÍFICOS E INTELECTUALES;;;;;;;;;;;;;;;;;;;;;;;;
21;PROFESIONALES DE LAS CIENCIAS Y DE LA INGENIERÍA;2;;;;;;;;;;;;;;;;;;;;;;;
211;Físicos, químicos y afines;21;;;;;;;;;;;;;;;;;;;;;;;
2111;Físicos y astrónomos ;211;;;;;;;;;;;;;;;;;;;;;;;
2112;Meteorólogos;211;;;;;;;;;;;;;;;;;;;;;;;
2113;Químicos;211;;;;;;;;;;;;;;;;;;;;;;;
2114;Geólogos y geofísicos;211;;;;;;;;;;;;;;;;;;;;;;;
212;Matemáticos, actuarios y estadísticos;21;;;;;;;;;;;;;;;;;;;;;;;
2120;Matemáticos, actuarios y estadísticos;212;;;;;;;;;;;;;;;;;;;;;;;
213;Profesionales en ciencias biológicas;21;;;;;;;;;;;;;;;;;;;;;;;
2131;Biólogos, botánicos, zoólogos y afines;213;;;;;;;;;;;;;;;;;;;;;;;
2132;Agrónomos, silvicultores, zootecnistas y afines;213;;;;;;;;;;;;;;;;;;;;;;;
2133;Profesionales de la protección medioambiental;213;;;;;;;;;;;;;;;;;;;;;;;
214;Ingenieros (excluyendo Ingenieros en electrotecnología);21;;;;;;;;;;;;;;;;;;;;;;;
2141;Ingenieros industriales y de producción;214;;;;;;;;;;;;;;;;;;;;;;;
2142;Ingenieros civiles;214;;;;;;;;;;;;;;;;;;;;;;;
2143;Ingenieros medioambientales;214;;;;;;;;;;;;;;;;;;;;;;;
2144;Ingenieros mecánicos;214;;;;;;;;;;;;;;;;;;;;;;;
2145;Ingenieros químicos;214;;;;;;;;;;;;;;;;;;;;;;;
2146;Ingenieros de minas, metalúrgicos y afines;214;;;;;;;;;;;;;;;;;;;;;;;
2149;Ingenieros no clasificados en otros grupos primarios;214;;;;;;;;;;;;;;;;;;;;;;;
215;Ingenieros en electrotecnología;21;;;;;;;;;;;;;;;;;;;;;;;
2151;Ingenieros electricistas;215;;;;;;;;;;;;;;;;;;;;;;;
2152;Ingenieros electrónicos;215;;;;;;;;;;;;;;;;;;;;;;;
2153;Ingenieros de telecomunicaciones;215;;;;;;;;;;;;;;;;;;;;;;;
216;Arquitectos, planificadores, topógrafos y diseñadores;21;;;;;;;;;;;;;;;;;;;;;;;
2161;Arquitectos constructores;216;;;;;;;;;;;;;;;;;;;;;;;
2162;Arquitectos paisajistas;216;;;;;;;;;;;;;;;;;;;;;;;
2163;Diseñadores de productos y de prendas;216;;;;;;;;;;;;;;;;;;;;;;;
2164;Planificadores urbanos, regionales y de tránsito;216;;;;;;;;;;;;;;;;;;;;;;;
2165;Cartógrafos y topógrafos;216;;;;;;;;;;;;;;;;;;;;;;;
2166;Diseñadores gráficos y multimedia;216;;;;;;;;;;;;;;;;;;;;;;;
22;PROFESIONALES DE LA SALUD;2;;;;;;;;;;;;;;;;;;;;;;;
221;Médicos;22;;;;;;;;;;;;;;;;;;;;;;;
2211;Médicos generales;221;;;;;;;;;;;;;;;;;;;;;;;
2212;Médicos especialistas ;221;;;;;;;;;;;;;;;;;;;;;;;
222;Profesionales de enfermería y de partería;22;;;;;;;;;;;;;;;;;;;;;;;
2221;Profesionales de enfermería;222;;;;;;;;;;;;;;;;;;;;;;;
2222;Profesionales de partería;222;;;;;;;;;;;;;;;;;;;;;;;
223;Profesionales de medicina tradicional y alternativa;22;;;;;;;;;;;;;;;;;;;;;;;
2230;Profesionales de medicina tradicional y alternativa;223;;;;;;;;;;;;;;;;;;;;;;;
224;Paramédicos e instrumentadores quirúrgicos;22;;;;;;;;;;;;;;;;;;;;;;;
2240;Paramédicos e instrumentadores quirúrgicos;224;;;;;;;;;;;;;;;;;;;;;;;
225;Veterinarios;22;;;;;;;;;;;;;;;;;;;;;;;
2250;Veterinarios;225;;;;;;;;;;;;;;;;;;;;;;;
226;Otros profesionales de la salud;22;;;;;;;;;;;;;;;;;;;;;;;
2261;Odontólogos;226;;;;;;;;;;;;;;;;;;;;;;;
2262;Farmacéuticos;226;;;;;;;;;;;;;;;;;;;;;;;
2263;Profesionales de la salud y la higiene laboral y ambiental;226;;;;;;;;;;;;;;;;;;;;;;;
2264;Fisioterapeutas ;226;;;;;;;;;;;;;;;;;;;;;;;
2265;Dietistas y nutricionistas;226;;;;;;;;;;;;;;;;;;;;;;;
2266;Fonoaudiólogos y terapeutas del lenguaje;226;;;;;;;;;;;;;;;;;;;;;;;
2267;Optómetras;226;;;;;;;;;;;;;;;;;;;;;;;
2269;Otros profesionales de la salud no clasificados en otros grupos primarios;226;;;;;;;;;;;;;;;;;;;;;;;
23;PROFESIONALES DE LA EDUCACIÓN;2;;;;;;;;;;;;;;;;;;;;;;;
231;Profesores de instituciones de educación superior;23;;;;;;;;;;;;;;;;;;;;;;;
2310;Profesores de instituciones de educación superior;231;;;;;;;;;;;;;;;;;;;;;;;
232;Profesores de formación profesional;23;;;;;;;;;;;;;;;;;;;;;;;
2320;Profesores de formación profesional;232;;;;;;;;;;;;;;;;;;;;;;;
233;Profesores de educación secundaria;23;;;;;;;;;;;;;;;;;;;;;;;
2330;Profesores de educación secundaria;233;;;;;;;;;;;;;;;;;;;;;;;
234;Profesores de educación primaria y de primera infancia;23;;;;;;;;;;;;;;;;;;;;;;;
2341;Profesores de educación primaria;234;;;;;;;;;;;;;;;;;;;;;;;
2342;Profesores de primera infancia ;234;;;;;;;;;;;;;;;;;;;;;;;
235;Otros profesionales de la educación;23;;;;;;;;;;;;;;;;;;;;;;;
2351;Especialistas en métodos pedagógicos;235;;;;;;;;;;;;;;;;;;;;;;;
2352;Profesores de educación especial e inclusiva;235;;;;;;;;;;;;;;;;;;;;;;;
2353;Otros profesores de idiomas;235;;;;;;;;;;;;;;;;;;;;;;;
2354;Otros profesores de música;235;;;;;;;;;;;;;;;;;;;;;;;
2355;Otros profesores de artes;235;;;;;;;;;;;;;;;;;;;;;;;
2356;Instructores de tecnología de la información;235;;;;;;;;;;;;;;;;;;;;;;;
2359;Otros profesionales de la educación no clasificados en otros grupos primarios;235;;;;;;;;;;;;;;;;;;;;;;;
24;PROFESIONALES DE NEGOCIOS Y DE ADMINISTRACIÓN;2;;;;;;;;;;;;;;;;;;;;;;;
241;Profesionales en finanzas;24;;;;;;;;;;;;;;;;;;;;;;;
2411;Contadores;241;;;;;;;;;;;;;;;;;;;;;;;
2412;Asesores financieros y de inversiones;241;;;;;;;;;;;;;;;;;;;;;;;
2413;Analistas financieros;241;;;;;;;;;;;;;;;;;;;;;;;
242;Profesionales de la administración;24;;;;;;;;;;;;;;;;;;;;;;;
2421;Analistas de gestión y organización;242;;;;;;;;;;;;;;;;;;;;;;;
2422;Profesionales en políticas de administración;242;;;;;;;;;;;;;;;;;;;;;;;
2423;Profesionales de gestión de talento humano;242;;;;;;;;;;;;;;;;;;;;;;;
2424;Profesionales en formación y desarrollo de personal;242;;;;;;;;;;;;;;;;;;;;;;;
243;Profesionales de las ventas, la comercialización y las relaciones públicas;24;;;;;;;;;;;;;;;;;;;;;;;
2431;Profesionales de la publicidad y la comercialización;243;;;;;;;;;;;;;;;;;;;;;;;
2432;Profesionales de relaciones públicas;243;;;;;;;;;;;;;;;;;;;;;;;
2433;Profesionales de ventas técnicas y médicas (excluyendo las TIC);243;;;;;;;;;;;;;;;;;;;;;;;
2434;Profesionales de ventas de tecnología de la información y las comunicaciones;243;;;;;;;;;;;;;;;;;;;;;;;
25;PROFESIONALES DE TECNOLOGÍA DE LA INFORMACIÓN Y LAS COMUNICACIONES;2;;;;;;;;;;;;;;;;;;;;;;;
251;Desarrolladores y analistas de software y multimedia;25;;;;;;;;;;;;;;;;;;;;;;;
2511;Analistas de sistemas;251;;;;;;;;;;;;;;;;;;;;;;;
2512;Desarrolladores de software;251;;;;;;;;;;;;;;;;;;;;;;;
2513;Desarrolladores web y multimedia;251;;;;;;;;;;;;;;;;;;;;;;;
2514;Programadores de aplicaciones;251;;;;;;;;;;;;;;;;;;;;;;;
2519;Desarrolladores y analistas de software y multimedia no clasificados en otros grupos primarios;251;;;;;;;;;;;;;;;;;;;;;;;
252;Profesionales en bases de datos y en redes de computadores;25;;;;;;;;;;;;;;;;;;;;;;;
2521;Diseñadores y administradores de bases de datos;252;;;;;;;;;;;;;;;;;;;;;;;
2522;Administradores de sistemas;252;;;;;;;;;;;;;;;;;;;;;;;
2523;Profesionales en redes de computadores;252;;;;;;;;;;;;;;;;;;;;;;;
2529;Profesionales en bases de datos y en redes de computadores no clasificados en otros grupos primarios;252;;;;;;;;;;;;;;;;;;;;;;;
26;PROFESIONALES EN DERECHO, EN CIENCIAS SOCIALES Y CULTURALES;2;;;;;;;;;;;;;;;;;;;;;;;
261;Profesionales en derecho;26;;;;;;;;;;;;;;;;;;;;;;;
2611;Abogados;261;;;;;;;;;;;;;;;;;;;;;;;
2612;Jueces;261;;;;;;;;;;;;;;;;;;;;;;;
2619;Profesionales en derecho no clasificados en otros grupos primarios;261;;;;;;;;;;;;;;;;;;;;;;;
262;Bibliotecarios, archivistas y curadores de arte;26;;;;;;;;;;;;;;;;;;;;;;;
2621;Archivistas y curadores de arte;262;;;;;;;;;;;;;;;;;;;;;;;
2622;Bibliotecarios, documentalistas y afines;262;;;;;;;;;;;;;;;;;;;;;;;
263;Profesionales en ciencias sociales y religiosas;26;;;;;;;;;;;;;;;;;;;;;;;
2631;Economistas;263;;;;;;;;;;;;;;;;;;;;;;;
2632;Sociólogos, antropólogos y afines;263;;;;;;;;;;;;;;;;;;;;;;;
2633;Filósofos, historiadores y especialistas en ciencias políticas;263;;;;;;;;;;;;;;;;;;;;;;;
2634;Psicólogos;263;;;;;;;;;;;;;;;;;;;;;;;
2635;Profesionales del trabajo social y consejeros;263;;;;;;;;;;;;;;;;;;;;;;;
2636;Profesionales religiosos;263;;;;;;;;;;;;;;;;;;;;;;;
264;Autores, periodistas y lingüistas;26;;;;;;;;;;;;;;;;;;;;;;;
2641;Autores y otros escritores;264;;;;;;;;;;;;;;;;;;;;;;;
2642;Periodistas;264;;;;;;;;;;;;;;;;;;;;;;;
2643;Traductores, intérpretes y otros lingüistas;264;;;;;;;;;;;;;;;;;;;;;;;
265;Artistas creativos e interpretativos;26;;;;;;;;;;;;;;;;;;;;;;;
2651;Escultores, pintores artísticos y afines;265;;;;;;;;;;;;;;;;;;;;;;;
2652;Compositores, músicos y cantantes;265;;;;;;;;;;;;;;;;;;;;;;;
2653;Coreógrafos y bailarines;265;;;;;;;;;;;;;;;;;;;;;;;
2654;Directores y productores de cine, de teatro y afines;265;;;;;;;;;;;;;;;;;;;;;;;
2655;Actores;265;;;;;;;;;;;;;;;;;;;;;;;
2656;Locutores de radio, televisión y otros medios de comunicación;265;;;;;;;;;;;;;;;;;;;;;;;
2659;Artistas creativos e interpretativos no clasificados en otros grupos primarios;265;;;;;;;;;;;;;;;;;;;;;;;
3;TÉCNICOS Y PROFESIONALES DE NIVEL MEDIO;;;;;;;;;;;;;;;;;;;;;;;;
31;TECNICOS Y PROFESIONALES DEL NIVEL MEDIO DE LAS CIENCIAS Y LA INGENIERIA;3;;;;;;;;;;;;;;;;;;;;;;;
311;Técnicos en ciencias físicas y en ingeniería;31;;;;;;;;;;;;;;;;;;;;;;;
3111;Técnicos en ciencias físicas y químicas;311;;;;;;;;;;;;;;;;;;;;;;;
3112;Técnicos en ingeniería civil;311;;;;;;;;;;;;;;;;;;;;;;;
3113;Electrotécnicos;311;;;;;;;;;;;;;;;;;;;;;;;
3114;Técnicos en electrónica;311;;;;;;;;;;;;;;;;;;;;;;;
3115;Técnicos en ingeniería mecánica;311;;;;;;;;;;;;;;;;;;;;;;;
3116;Técnicos en química industrial;311;;;;;;;;;;;;;;;;;;;;;;;
3117;Técnicos de minas y metalurgia;311;;;;;;;;;;;;;;;;;;;;;;;
3118;Delineantes y dibujantes técnicos;311;;;;;;;;;;;;;;;;;;;;;;;
3119;Técnicos en ciencias físicas y en ingeniería no clasificados en otros grupos primarios;311;;;;;;;;;;;;;;;;;;;;;;;
312;Supervisores en la minería, la industria manufacturera y la construcción;31;;;;;;;;;;;;;;;;;;;;;;;
3121;Supervisores de minas;312;;;;;;;;;;;;;;;;;;;;;;;
3122;Supervisores de industrias manufactureras;312;;;;;;;;;;;;;;;;;;;;;;;
3123;Supervisores de la construcción;312;;;;;;;;;;;;;;;;;;;;;;;
313;Técnicos en control de procesos;31;;;;;;;;;;;;;;;;;;;;;;;
3131;Operadores de plantas de producción de energía;313;;;;;;;;;;;;;;;;;;;;;;;
3132;Operadores de incineradores, instalaciones de tratamiento de agua y afines;313;;;;;;;;;;;;;;;;;;;;;;;
3133;Controladores de instalaciones de procesamiento de productos químicos;313;;;;;;;;;;;;;;;;;;;;;;;
3134;Operadores de instalaciones de refinación de petróleo y gas natural;313;;;;;;;;;;;;;;;;;;;;;;;
3135;Controladores de procesos de producción de metales;313;;;;;;;;;;;;;;;;;;;;;;;
3139;Técnicos en control de procesos no clasificados en otros grupos primarios;313;;;;;;;;;;;;;;;;;;;;;;;
314;Técnicos y profesionales de nivel medio en ciencias biológicas y afines;31;;;;;;;;;;;;;;;;;;;;;;;
3141;Técnicos en ciencias biológicas (excluyendo la medicina);314;;;;;;;;;;;;;;;;;;;;;;;
3142;Técnicos agropecuarios;314;;;;;;;;;;;;;;;;;;;;;;;
3143;Técnicos forestales;314;;;;;;;;;;;;;;;;;;;;;;;
315;Técnicos y controladores en navegación marítima y aeronáutica;31;;;;;;;;;;;;;;;;;;;;;;;
3151;Oficiales maquinistas en navegación;315;;;;;;;;;;;;;;;;;;;;;;;
3152;Capitanes, oficiales de cubierta y prácticos;315;;;;;;;;;;;;;;;;;;;;;;;
3153;Pilotos de aviación y afines;315;;;;;;;;;;;;;;;;;;;;;;;
3154;Controladores de tráfico aéreo y marítimo;315;;;;;;;;;;;;;;;;;;;;;;;
3155;Técnicos en seguridad aeronáutica;315;;;;;;;;;;;;;;;;;;;;;;;
32;TÉCNICOS YPROFESIONALES DEL NIVEL MEDIO DE LA SALUD;3;;;;;;;;;;;;;;;;;;;;;;;
321;Técnicos médicos y farmacéuticos;32;;;;;;;;;;;;;;;;;;;;;;;
3211;Técnicos en aparatos de diagnóstico y tratamiento médico;321;;;;;;;;;;;;;;;;;;;;;;;
3212;Técnicos de laboratorios médicos;321;;;;;;;;;;;;;;;;;;;;;;;
3213;Técnicos y asistentes farmacéuticos;321;;;;;;;;;;;;;;;;;;;;;;;
3214;Técnicos de prótesis médicas y dentales;321;;;;;;;;;;;;;;;;;;;;;;;
322;Técnicos y profesionales del nivel medio en enfermería y partería;32;;;;;;;;;;;;;;;;;;;;;;;
3221;Técnicos y profesionales del nivel medio en enfermería;322;;;;;;;;;;;;;;;;;;;;;;;
3222;Técnicos y profesionales del nivel medio en partería;322;;;;;;;;;;;;;;;;;;;;;;;
323;Técnicos y profesionales del nivel medio en medicina tradicional y alternativa ;32;;;;;;;;;;;;;;;;;;;;;;;
3230;Técnicos y profesionales del nivel medio en medicina tradicional y alternativa;323;;;;;;;;;;;;;;;;;;;;;;;
324;Técnicos y asistentes veterinarios;32;;;;;;;;;;;;;;;;;;;;;;;
3240;Técnicos y asistentes veterinarios;324;;;;;;;;;;;;;;;;;;;;;;;
325;Otros tecnicos y profesionales del nivel medio de la salud;32;;;;;;;;;;;;;;;;;;;;;;;
3251;Higienistas y asistentes odontologícos;325;;;;;;;;;;;;;;;;;;;;;;;
3252;Técnicos en documentación sanitaria;325;;;;;;;;;;;;;;;;;;;;;;;
3253;Trabajadores comunitarios de la salud;325;;;;;;;;;;;;;;;;;;;;;;;
3254;Técnicos en optometría y ópticas;325;;;;;;;;;;;;;;;;;;;;;;;
3255;Técnicos y asistentes terapeutas;325;;;;;;;;;;;;;;;;;;;;;;;
3256;Asistentes médicos;325;;;;;;;;;;;;;;;;;;;;;;;
3257;Inspectores de seguridad, salud ocupacional, medioambiental y afines;325;;;;;;;;;;;;;;;;;;;;;;;
3258;Técnicos en atención prehospitalaria;325;;;;;;;;;;;;;;;;;;;;;;;
3259;Otros técnicos y profesionales del nivel medio de la salud no clasificados en otros grupos primarios;325;;;;;;;;;;;;;;;;;;;;;;;
33;"TECNICOS Y PROFESIONALES DEL NIVEL MEDIO
EN LAS FINANZAS Y LA ADMINISTRACION";3;;;;;;;;;;;;;;;;;;;;;;;
331;Técnicos y profesionales del nivel medio en finanzas y matemáticas;33;;;;;;;;;;;;;;;;;;;;;;;
3311;Agentes de bolsa, cambio y otros servicios financieros;331;;;;;;;;;;;;;;;;;;;;;;;
3312;Analistas de préstamos y créditos;331;;;;;;;;;;;;;;;;;;;;;;;
3313;Técnicos de contabilidad y afines;331;;;;;;;;;;;;;;;;;;;;;;;
3314;Técnicos y profesionales del nivel medio de servicios estadísticos, matemáticos y afines;331;;;;;;;;;;;;;;;;;;;;;;;
3315;Tasadores y evaluadores;331;;;;;;;;;;;;;;;;;;;;;;;
332;Agentes comerciales y corredores;33;;;;;;;;;;;;;;;;;;;;;;;
3321;Agentes de seguros;332;;;;;;;;;;;;;;;;;;;;;;;
3322;Representantes comerciales;332;;;;;;;;;;;;;;;;;;;;;;;
3323;Agentes de compras;332;;;;;;;;;;;;;;;;;;;;;;;
3324;Agentes de operaciones comerciales y consignatarios;332;;;;;;;;;;;;;;;;;;;;;;;
333;Agentes de servicios empresariales;33;;;;;;;;;;;;;;;;;;;;;;;
3331;Declarantes o gestores de aduana;333;;;;;;;;;;;;;;;;;;;;;;;
3332;Organizadores de conferencias y eventos;333;;;;;;;;;;;;;;;;;;;;;;;
3333;Agentes de empleo y contratistas de mano de obra;333;;;;;;;;;;;;;;;;;;;;;;;
3334;Agentes inmobiliarios;333;;;;;;;;;;;;;;;;;;;;;;;
3339;Agentes de servicios comerciales no clasificados en otros grupos primarios;333;;;;;;;;;;;;;;;;;;;;;;;
334;Secretarios administrativos y especializados;33;;;;;;;;;;;;;;;;;;;;;;;
3341;Supervisores de oficina;334;;;;;;;;;;;;;;;;;;;;;;;
3342;Secretarios jurídicos;334;;;;;;;;;;;;;;;;;;;;;;;
3343;Secretarios administrativos y ejecutivos;334;;;;;;;;;;;;;;;;;;;;;;;
3344;Secretarios médicos;334;;;;;;;;;;;;;;;;;;;;;;;
335;Agentes de gobierno y profesionales del nivel medio para la aplicación de regulaciones;33;;;;;;;;;;;;;;;;;;;;;;;
3351;Agentes de aduanas e inspectores de fronteras;335;;;;;;;;;;;;;;;;;;;;;;;
3352;Agentes de administración tributaria;335;;;;;;;;;;;;;;;;;;;;;;;
3353;Agentes de servicios de seguridad social;335;;;;;;;;;;;;;;;;;;;;;;;
3354;Agentes gubernamentales de expedición de licencias;335;;;;;;;;;;;;;;;;;;;;;;;
3355;Inspectores de policía y detectives;335;;;;;;;;;;;;;;;;;;;;;;;
3359;Agentes de gobierno y profesionales del nivel medio para la aplicación de regulaciones no clasificados en otros grupos primarios;335;;;;;;;;;;;;;;;;;;;;;;;
34;TECNICOS Y PROFESIONALES DEL NIVEL MEDIO DE SERVICIOS JURIDICOS, SOCIALES, CULTURALES Y AFINES;3;;;;;;;;;;;;;;;;;;;;;;;
341;Técnicos y profesionales del nivel medio de servicios jurídicos, sociales y religiosos;34;;;;;;;;;;;;;;;;;;;;;;;
3411;Técnicos y profesionales del nivel medio del derecho, de servicios legales y afines;341;;;;;;;;;;;;;;;;;;;;;;;
3412;Trabajadores y asistentes sociales;341;;;;;;;;;;;;;;;;;;;;;;;
3413;Auxiliares laicos de las religiones;341;;;;;;;;;;;;;;;;;;;;;;;
342;Entrenadores de deportes y aptitud física;34;;;;;;;;;;;;;;;;;;;;;;;
3421;Atletas y deportistas;342;;;;;;;;;;;;;;;;;;;;;;;
3422;Entrenadores, instructores y árbitros de actividades deportivas;342;;;;;;;;;;;;;;;;;;;;;;;
3423;Instructores de educación física y actividades recreativas;342;;;;;;;;;;;;;;;;;;;;;;;
343;Técnicos y profesionales del nivel medio en actividades culturales, artísticas y culinarias;34;;;;;;;;;;;;;;;;;;;;;;;
3431;Fotógrafos;343;;;;;;;;;;;;;;;;;;;;;;;
3432;Diseñadores y decoradores de interiores;343;;;;;;;;;;;;;;;;;;;;;;;
3433;Técnicos en galerías de arte, museos y bibliotecas;343;;;;;;;;;;;;;;;;;;;;;;;
3434;Chefs;343;;;;;;;;;;;;;;;;;;;;;;;
3435;Otros técnicos y profesionales del nivel medio en actividades culturales y artísticas;343;;;;;;;;;;;;;;;;;;;;;;;
35;TÉCNICOS EN TECNOLOGÍA DE LA INFORMACIÓN Y LAS COMUNICACIONES;3;;;;;;;;;;;;;;;;;;;;;;;
351;Técnicos en operaciones de tecnología de la información, las comunicaciones y asistencia al usuario;35;;;;;;;;;;;;;;;;;;;;;;;
3511;Técnicos en operaciones de tecnología de la información y las comunicaciones;351;;;;;;;;;;;;;;;;;;;;;;;
3512;Técnicos en asistencia y soporte al usuario de tecnología de la información y las comunicaciones;351;;;;;;;;;;;;;;;;;;;;;;;
3513;Técnicos en redes y sistemas de computación;351;;;;;;;;;;;;;;;;;;;;;;;
3514;Técnicos de la Web;351;;;;;;;;;;;;;;;;;;;;;;;
352;Técnicos en telecomunicaciones y radiodifusión;35;;;;;;;;;;;;;;;;;;;;;;;
3521;Técnicos de radiodifusión y grabación audio visual;352;;;;;;;;;;;;;;;;;;;;;;;
3522;Técnicos de ingeniería de las telecomunicaciones;352;;;;;;;;;;;;;;;;;;;;;;;
4;PERSONAL DE APOYO ADMINISTRATIVO;;;;;;;;;;;;;;;;;;;;;;;;
41;OFICINISTAS;4;;;;;;;;;;;;;;;;;;;;;;;
411;Oficinistas generales;41;;;;;;;;;;;;;;;;;;;;;;;
4110;Oficinistas generales;411;;;;;;;;;;;;;;;;;;;;;;;
412;Secretarios generales;41;;;;;;;;;;;;;;;;;;;;;;;
4120;Secretarios generales;412;;;;;;;;;;;;;;;;;;;;;;;
413;Operadores de máquinas de oficina;41;;;;;;;;;;;;;;;;;;;;;;;
4131;Operadores de máquinas de procesamiento de texto y mecanógrafos;413;;;;;;;;;;;;;;;;;;;;;;;
4132;Grabadores de datos;413;;;;;;;;;;;;;;;;;;;;;;;
42;EMPLEADOS DE TRATO DIRECTO CON EL PÚBLICO;4;;;;;;;;;;;;;;;;;;;;;;;
421;Pagadores y cobradores de ventanilla y afines;42;;;;;;;;;;;;;;;;;;;;;;;
4211;Cajeros de bancos y afines;421;;;;;;;;;;;;;;;;;;;;;;;
4212;Receptores de apuestas y afines;421;;;;;;;;;;;;;;;;;;;;;;;
4213;Prestamistas;421;;;;;;;;;;;;;;;;;;;;;;;
4214;Cobradores y afines;421;;;;;;;;;;;;;;;;;;;;;;;
422;Empleados de servicios de información al cliente;42;;;;;;;;;;;;;;;;;;;;;;;
4221;Empleados y consultores de viajes;422;;;;;;;;;;;;;;;;;;;;;;;
4222;Empleados de centros de llamadas;422;;;;;;;;;;;;;;;;;;;;;;;
4223;Telefonistas;422;;;;;;;;;;;;;;;;;;;;;;;
4224;Recepcionistas de hoteles;422;;;;;;;;;;;;;;;;;;;;;;;
4225;Empleados de ventanillas de información;422;;;;;;;;;;;;;;;;;;;;;;;
4226;Recepcionistas generales;422;;;;;;;;;;;;;;;;;;;;;;;
4227;Entrevistadores de encuestas y de investigaciones de mercados;422;;;;;;;;;;;;;;;;;;;;;;;
4229;Otros empleados de servicios de información al cliente no clasificados en otros grupos primarios;422;;;;;;;;;;;;;;;;;;;;;;;
43;AUXILIARES CONTABLES Y ENCARGADOS DEL REGISTRO DE MATERIALES;4;;;;;;;;;;;;;;;;;;;;;;;
431;Auxiliares contables y financieros;43;;;;;;;;;;;;;;;;;;;;;;;
4311;Auxiliares de contabilidad y cálculo de costos;431;;;;;;;;;;;;;;;;;;;;;;;
4312;Auxiliares de servicios estadísticos, financieros y de seguros;431;;;;;;;;;;;;;;;;;;;;;;;
4313;Auxiliares encargados de las nóminas;431;;;;;;;;;;;;;;;;;;;;;;;
432;Empleados encargados del registro de materiales y de transportes;43;;;;;;;;;;;;;;;;;;;;;;;
4321;Empleados de control de abastecimientos e inventario;432;;;;;;;;;;;;;;;;;;;;;;;
4322;Empleados de servicios de apoyo a la producción;432;;;;;;;;;;;;;;;;;;;;;;;
4323;Empleados de servicios de transporte;432;;;;;;;;;;;;;;;;;;;;;;;
44;Otro personal de apoyo administrativo;4;;;;;;;;;;;;;;;;;;;;;;;
441;Otro personal de apoyo administrativo;44;;;;;;;;;;;;;;;;;;;;;;;
4411;Empleados de bibliotecas;441;;;;;;;;;;;;;;;;;;;;;;;
4412;Empleados de servicios de correos;441;;;;;;;;;;;;;;;;;;;;;;;
4413;Codificadores de datos, correctores de pruebas de imprenta y afines;441;;;;;;;;;;;;;;;;;;;;;;;
4414;Escribientes públicos y afines;441;;;;;;;;;;;;;;;;;;;;;;;
4415;Empleados de archivos;441;;;;;;;;;;;;;;;;;;;;;;;
4416;Empleados del servicio de personal;441;;;;;;;;;;;;;;;;;;;;;;;
4419;Otro personal de apoyo administrativo no clasificados en otros grupos primarios;441;;;;;;;;;;;;;;;;;;;;;;;
5;TRABAJADORES DE LOS SERVICIOS Y VENDEDORES DE COMERCIOS Y MERCADOS;;;;;;;;;;;;;;;;;;;;;;;;
51;TRABAJADORES DE LOS SERVICIOS PERSONALES;5;;;;;;;;;;;;;;;;;;;;;;;
511;Personal al servicio directo de los pasajeros;51;;;;;;;;;;;;;;;;;;;;;;;
5111;Personal de servicio a pasajeros;511;;;;;;;;;;;;;;;;;;;;;;;
5112;Revisores y cobradores de los transportes públicos;511;;;;;;;;;;;;;;;;;;;;;;;
5113;Guías;511;;;;;;;;;;;;;;;;;;;;;;;
512;Cocineros;51;;;;;;;;;;;;;;;;;;;;;;;
5120;Cocineros;512;;;;;;;;;;;;;;;;;;;;;;;
513;Meseros y bármanes;51;;;;;;;;;;;;;;;;;;;;;;;
5131;Meseros;513;;;;;;;;;;;;;;;;;;;;;;;
5132;Bármanes;513;;;;;;;;;;;;;;;;;;;;;;;
514;Peluqueros, especialistas en tratamientos de belleza y afines;51;;;;;;;;;;;;;;;;;;;;;;;
5141;Peluqueros;514;;;;;;;;;;;;;;;;;;;;;;;
5142;Especialistas en tratamientos de belleza y afines;514;;;;;;;;;;;;;;;;;;;;;;;
515;Supervisores de mantenimiento y limpieza de edificios;51;;;;;;;;;;;;;;;;;;;;;;;
5151;Supervisores  de mantenimiento y limpieza en oficinas, hoteles y otros establecimientos;515;;;;;;;;;;;;;;;;;;;;;;;
5152;Mayordomos domésticos;515;;;;;;;;;;;;;;;;;;;;;;;
5153;Conserjes y afines;515;;;;;;;;;;;;;;;;;;;;;;;
516;Otros trabajadores de servicios personales;51;;;;;;;;;;;;;;;;;;;;;;;
5161;Astrólogos, adivinos y trabajadores afines;516;;;;;;;;;;;;;;;;;;;;;;;
5162;Acompañantes ;516;;;;;;;;;;;;;;;;;;;;;;;
5163;Personal de servicios funerarios y embalsamadores;516;;;;;;;;;;;;;;;;;;;;;;;
5164;Cuidadores de animales;516;;;;;;;;;;;;;;;;;;;;;;;
5165;Instructores de conducción;516;;;;;;;;;;;;;;;;;;;;;;;
5169;Otros trabajadores de servicios personales no clasificados en otros grupos primarios;516;;;;;;;;;;;;;;;;;;;;;;;
52;"VENDEDORES
";5;;;;;;;;;;;;;;;;;;;;;;;
521;Vendedores callejeros y de puestos de mercado ;52;;;;;;;;;;;;;;;;;;;;;;;
5211;Vendedores en quioscos y puestos de mercado;521;;;;;;;;;;;;;;;;;;;;;;;
5212;Vendedores ambulantes de alimentos preparados para consumo inmediato;521;;;;;;;;;;;;;;;;;;;;;;;
522;Comerciantes y vendedores de tiendas, almacenes y afines;52;;;;;;;;;;;;;;;;;;;;;;;
5221;Comerciantes de tiendas;522;;;;;;;;;;;;;;;;;;;;;;;
5222;Supervisores de tiendas y almacenes;522;;;;;;;;;;;;;;;;;;;;;;;
5223;Vendedores y auxiliares de venta en tiendas, almacenes y afines;522;;;;;;;;;;;;;;;;;;;;;;;
523;Cajeros de comercio, taquilleros y expendedores de boletas;52;;;;;;;;;;;;;;;;;;;;;;;
5230;Cajeros de comercio, taquilleros y expendedores de boletas;523;;;;;;;;;;;;;;;;;;;;;;;
524;Otros vendedores;52;;;;;;;;;;;;;;;;;;;;;;;
5241;Modelos de moda, arte y publicidad;524;;;;;;;;;;;;;;;;;;;;;;;
5242;Demostradores de tiendas, almacenes y afines;524;;;;;;;;;;;;;;;;;;;;;;;
5243;Vendedores puerta a puerta ;524;;;;;;;;;;;;;;;;;;;;;;;
5244;Vendedores a través de medios tecnológicos;524;;;;;;;;;;;;;;;;;;;;;;;
5245;Expendedores de combustibles para vehículos;524;;;;;;;;;;;;;;;;;;;;;;;
5246;Vendedores de comidas en mostrador ;524;;;;;;;;;;;;;;;;;;;;;;;
5249;Otros vendedores no clasificados en otros grupos primarios;524;;;;;;;;;;;;;;;;;;;;;;;
53;TRABAJADORES DE LOS CUIDADOS PERSONALES;5;;;;;;;;;;;;;;;;;;;;;;;
531;Cuidadores de niños y auxiliares de maestros;53;;;;;;;;;;;;;;;;;;;;;;;
5311;Cuidadores de niños;531;;;;;;;;;;;;;;;;;;;;;;;
5312;Auxiliares de maestros;531;;;;;;;;;;;;;;;;;;;;;;;
532;Trabajadores de los cuidados personales en servicios de salud ;53;;;;;;;;;;;;;;;;;;;;;;;
5321;Trabajadores de los cuidados personales en instituciones;532;;;;;;;;;;;;;;;;;;;;;;;
5322;Trabajadores de los cuidados personales a domicilio;532;;;;;;;;;;;;;;;;;;;;;;;
5329;Trabajadores de los cuidados personales en servicios de salud no clasificados en otros grupos primarios;532;;;;;;;;;;;;;;;;;;;;;;;
54;PERSONAL DE LOS SERVICIOS DE PROTECCIÓN;5;;;;;;;;;;;;;;;;;;;;;;;
541;Personal de los servicios de protección;54;;;;;;;;;;;;;;;;;;;;;;;
5411;Bomberos y rescatistas;541;;;;;;;;;;;;;;;;;;;;;;;
5412;Policías;541;;;;;;;;;;;;;;;;;;;;;;;
5413;Guardianes de prisión;541;;;;;;;;;;;;;;;;;;;;;;;
5414;Guardias de seguridad;541;;;;;;;;;;;;;;;;;;;;;;;
5419;Personal de los servicios de protección no clasificados en otros grupos primarios;541;;;;;;;;;;;;;;;;;;;;;;;
6;AGRICULTORES Y TRABAJADORES CALIFICADOS AGROPECUARIOS, FORESTALES Y PESQUEROS;;;;;;;;;;;;;;;;;;;;;;;;
61;AGRICULTORES Y TRABAJADORES CALIFICADOS DE EXPLOTACIONES AGROPECUARIAS CON DESTINO AL MERCADO;6;;;;;;;;;;;;;;;;;;;;;;;
611;Agricultores y trabajadores calificados de jardines y de cultivos para el mercado;61;;;;;;;;;;;;;;;;;;;;;;;
6111;Agricultores y trabajadores calificados de cultivos extensivos;611;;;;;;;;;;;;;;;;;;;;;;;
6112;Agricultores y trabajadores calificados de plantaciones de árboles y arbustos;611;;;;;;;;;;;;;;;;;;;;;;;
6113;Agricultores y trabajadores calificados de huertas, invernaderos, viveros y jardines;611;;;;;;;;;;;;;;;;;;;;;;;
6114;Agricultores y trabajadores calificados de cultivos mixtos;611;;;;;;;;;;;;;;;;;;;;;;;
612;Criadores y trabajadores pecuarios calificados de la cría de animales orientados al mercado;61;;;;;;;;;;;;;;;;;;;;;;;
6121;Criadores de ganado y trabajadores de la cría de animales domésticos (excepto aves de corral);612;;;;;;;;;;;;;;;;;;;;;;;
6122;Avicultores y trabajadores calificados de la avicultura;612;;;;;;;;;;;;;;;;;;;;;;;
6123;Criadores y trabajadores calificados de la apicultura y la sericicultura;612;;;;;;;;;;;;;;;;;;;;;;;
6129;Criadores y trabajadores pecuarios calificados, avicultores y criadores de insectos no clasificados en otros grupos primarios;612;;;;;;;;;;;;;;;;;;;;;;;
613;Productores y trabajadores calificados de explotaciones agropecuarias mixtas cuya producción se destina al mercado;61;;;;;;;;;;;;;;;;;;;;;;;
6130;Productores y trabajadores calificados de explotaciones agropecuarias mixtas cuya producción se destina al mercado;613;;;;;;;;;;;;;;;;;;;;;;;
62;"TRABAJADORES FORESTALES CALIFICADOS, PESCADORES Y CAZADORES EN
ACTIVIDADES ORIENTADAS AL MERCADO";6;;;;;;;;;;;;;;;;;;;;;;;
621;Trabajadores forestales calificados y afines;62;;;;;;;;;;;;;;;;;;;;;;;
6210;Trabajadores forestales calificados y afines;621;;;;;;;;;;;;;;;;;;;;;;;
622;Pescadores, cazadores y tramperos;62;;;;;;;;;;;;;;;;;;;;;;;
6221;Trabajadores de explotaciones de acuicultura;622;;;;;;;;;;;;;;;;;;;;;;;
6222;Pescadores de agua dulce y en aguas costeras;622;;;;;;;;;;;;;;;;;;;;;;;
6223;Pescadores de alta mar;622;;;;;;;;;;;;;;;;;;;;;;;
6224;Cazadores y tramperos;622;;;;;;;;;;;;;;;;;;;;;;;
63;TRABAJADORES AGROPECUARIOS, PESCADORES, CAZADORES Y RECOLECTORES DE SUBSISTENCIA;6;;;;;;;;;;;;;;;;;;;;;;;
631;Trabajadores agrícolas de subsistencia;63;;;;;;;;;;;;;;;;;;;;;;;
6310;Trabajadores agrícolas de subsistencia;631;;;;;;;;;;;;;;;;;;;;;;;
632;Trabajadores pecuarios de subsistencia;63;;;;;;;;;;;;;;;;;;;;;;;
6320;Trabajadores pecuarios de subsistencia;632;;;;;;;;;;;;;;;;;;;;;;;
633;Trabajadores agropecuarios de subsistencia;63;;;;;;;;;;;;;;;;;;;;;;;
6330;Trabajadores agropecuarios de subsistencia;633;;;;;;;;;;;;;;;;;;;;;;;
634;Pescadores, cazadores, tramperos y recolectores de subsistencia;63;;;;;;;;;;;;;;;;;;;;;;;
6340;Pescadores, cazadores, tramperos y recolectores de subsistencia;634;;;;;;;;;;;;;;;;;;;;;;;
7;OFICIALES, OPERARIOS, ARTESANOS Y OFICIOS RELACIONADOS;;;;;;;;;;;;;;;;;;;;;;;;
71;OFICIALES Y OPERARIOS DE LA CONSTRUCCIÓN (EXCLUYENDO ELECTRICISTAS);7;;;;;;;;;;;;;;;;;;;;;;;
711;Oficiales y operarios de la construcción de obra gruesa y afines;71;;;;;;;;;;;;;;;;;;;;;;;
7111;Constructores de casas;711;;;;;;;;;;;;;;;;;;;;;;;
7112;Albañiles;711;;;;;;;;;;;;;;;;;;;;;;;
7113;Labrantes, tronzadores y grabadores de piedra;711;;;;;;;;;;;;;;;;;;;;;;;
7114;Operarios en cemento armado, enfoscadores y afines;711;;;;;;;;;;;;;;;;;;;;;;;
7115;Carpinteros de armar y de obra blanca;711;;;;;;;;;;;;;;;;;;;;;;;
7119;Oficiales y operarios de la construcción de obra gruesa y afines no clasificados en otros grupos primarios;711;;;;;;;;;;;;;;;;;;;;;;;
712;Oficiales y operarios de la construcción de trabajos de acabado y afines;71;;;;;;;;;;;;;;;;;;;;;;;
7121;Techadores;712;;;;;;;;;;;;;;;;;;;;;;;
7122;Enchapadores, parqueteros y colocadores de suelos;712;;;;;;;;;;;;;;;;;;;;;;;
7123;Revocadores;712;;;;;;;;;;;;;;;;;;;;;;;
7124;Instaladores de material aislante y de insonorización;712;;;;;;;;;;;;;;;;;;;;;;;
7125;Cristaleros;712;;;;;;;;;;;;;;;;;;;;;;;
7126;Fontaneros e instaladores de tuberías;712;;;;;;;;;;;;;;;;;;;;;;;
7127;Mecánicos montadores de aire acondicionado y refrigeración;712;;;;;;;;;;;;;;;;;;;;;;;
713;Pintores, limpiadores de fachadas y afines;71;;;;;;;;;;;;;;;;;;;;;;;
7131;Pintores y empapeladores;713;;;;;;;;;;;;;;;;;;;;;;;
7132;Barnizadores y afines;713;;;;;;;;;;;;;;;;;;;;;;;
7133;Limpiadores de fachadas y deshollinadores;713;;;;;;;;;;;;;;;;;;;;;;;
72;"OFICIALES Y OPERARIOS DE LA METALURGIA; MECÁNICOS Y REPARADORES DE MÁQUINAS Y AFINES";7;;;;;;;;;;;;;;;;;;;;;;;
721;Moldeadores, soldadores, chapistas, caldereros, montadores de estructuras metálicas y afines;72;;;;;;;;;;;;;;;;;;;;;;;
7211;Moldeadores y macheros;721;;;;;;;;;;;;;;;;;;;;;;;
7212;Soldadores y oxicortadores;721;;;;;;;;;;;;;;;;;;;;;;;
7213;Chapistas y caldereros;721;;;;;;;;;;;;;;;;;;;;;;;
7214;Montadores de estructuras metálicas;721;;;;;;;;;;;;;;;;;;;;;;;
7215;Aparejadores y empalmadores de cables;721;;;;;;;;;;;;;;;;;;;;;;;
722;Herreros, herramentistas y afines;72;;;;;;;;;;;;;;;;;;;;;;;
7221;Herreros y forjadores;722;;;;;;;;;;;;;;;;;;;;;;;
7222;Herramentistas y afines;722;;;;;;;;;;;;;;;;;;;;;;;
7223;Ajustadores y operadores de máquinas herramientas;722;;;;;;;;;;;;;;;;;;;;;;;
7224;Pulidores de metales y afiladores de herramientas;722;;;;;;;;;;;;;;;;;;;;;;;
723;Mecánicos y reparadores de máquinas;72;;;;;;;;;;;;;;;;;;;;;;;
7231;Mecánicos y reparadores de vehículos de motor;723;;;;;;;;;;;;;;;;;;;;;;;
7232;Mecánicos y reparadores de sistemas y motores de aeronaves;723;;;;;;;;;;;;;;;;;;;;;;;
7233;Mecánicos y reparadores de máquinas agrícolas e industriales;723;;;;;;;;;;;;;;;;;;;;;;;
7234;Reparadores de bicicletas y afines;723;;;;;;;;;;;;;;;;;;;;;;;
73;ARTESANOS Y OPERARIOS DE LAS ARTES GRÁFICAS Y AFINES;7;;;;;;;;;;;;;;;;;;;;;;;
731;Artesanos de precisión, alfarería, cerámica y vidrio;73;;;;;;;;;;;;;;;;;;;;;;;
7311;Mecánicos y reparadores de instrumentos de precisión;731;;;;;;;;;;;;;;;;;;;;;;;
7312;Fabricantes y afinadores de instrumentos musicales;731;;;;;;;;;;;;;;;;;;;;;;;
7313;Se desagrega en 7361, 7362 y 7363 por adaptación;731;;;;;;;;;;;;;;;;;;;;;;;
7314;Alfareros y ceramistas (barro y arcilla);731;;;;;;;;;;;;;;;;;;;;;;;
7315;Sopladores, modeladores, laminadores, cortadores y pulidores de vidrio;731;;;;;;;;;;;;;;;;;;;;;;;
7316;Rotulistas, pintores decorativos y grabadores;731;;;;;;;;;;;;;;;;;;;;;;;
7317;Se desagrega en 7341, 7342, 7351 y 7352 por adaptación;731;;;;;;;;;;;;;;;;;;;;;;;
7318;Se desagrega en 7331, 7332, 7333 y 7370 por adaptación;731;;;;;;;;;;;;;;;;;;;;;;;
7319;Se desagrega en 7391, 7392, 7393 y 7399 por adaptación;731;;;;;;;;;;;;;;;;;;;;;;;
732;Oficiales y operarios de las artes gráficas;73;;;;;;;;;;;;;;;;;;;;;;;
7321;Preimpresores y afines;732;;;;;;;;;;;;;;;;;;;;;;;
7322;Impresores;732;;;;;;;;;;;;;;;;;;;;;;;
7323;Encuadernadores y afines;732;;;;;;;;;;;;;;;;;;;;;;;
733;Tejedores;73;;;;;;;;;;;;;;;;;;;;;;;
7331;Tejedores con telares;733;;;;;;;;;;;;;;;;;;;;;;;
7332;Tejedores con agujas;733;;;;;;;;;;;;;;;;;;;;;;;
7333;Otros tejedores;733;;;;;;;;;;;;;;;;;;;;;;;
734;Cesteros, mimbreros y sombrereros artesanales;73;;;;;;;;;;;;;;;;;;;;;;;
7341;Cesteros y mimbreros;734;;;;;;;;;;;;;;;;;;;;;;;
7342;Sombrereros artesanales;734;;;;;;;;;;;;;;;;;;;;;;;
735;Artesanos que realizan trabajos en madera;73;;;;;;;;;;;;;;;;;;;;;;;
7351;Tallador piezas artesanales de madera;735;;;;;;;;;;;;;;;;;;;;;;;
7352;Decoradores de piezas artesanales en madera;735;;;;;;;;;;;;;;;;;;;;;;;
736;Joyeros, orfebres, plateros y bisuteros;73;;;;;;;;;;;;;;;;;;;;;;;
7361;Joyeros;736;;;;;;;;;;;;;;;;;;;;;;;
7362;Orfebres y plateros;736;;;;;;;;;;;;;;;;;;;;;;;
7363;Bisutero;736;;;;;;;;;;;;;;;;;;;;;;;
737;Artesanos del cuero;73;;;;;;;;;;;;;;;;;;;;;;;
7370;Artesanos del cuero;737;;;;;;;;;;;;;;;;;;;;;;;
739;Artesanos no clasificados en otros grupos primarios;73;;;;;;;;;;;;;;;;;;;;;;;
7391;Artesanos de papel;739;;;;;;;;;;;;;;;;;;;;;;;
7392;Artesanos del hierro y otros metales;739;;;;;;;;;;;;;;;;;;;;;;;
7393;Artesanos de las semillas y cortezas vegetales;739;;;;;;;;;;;;;;;;;;;;;;;
7399;Artesanos de otros materiales no clasificados en otros grupos primarios;739;;;;;;;;;;;;;;;;;;;;;;;
74;OFICIALES Y OPERARIOS DE ELECTRICIDAD Y ELECTRÓNICA;7;;;;;;;;;;;;;;;;;;;;;;;
741;Instaladores y reparadores de equipos eléctricos;74;;;;;;;;;;;;;;;;;;;;;;;
7411;Electricistas de obras y afines;741;;;;;;;;;;;;;;;;;;;;;;;
7412;Ajustadores electricistas;741;;;;;;;;;;;;;;;;;;;;;;;
7413;Instaladores y reparadores de líneas eléctricas ;741;;;;;;;;;;;;;;;;;;;;;;;
742;Instaladores y reparadores de equipos electrónicos y de telecomunicaciones;74;;;;;;;;;;;;;;;;;;;;;;;
7421;Ajustadores e instaladores en electrónica;742;;;;;;;;;;;;;;;;;;;;;;;
7422;Instaladores y reparadores en tecnología de la información y las comunicaciones;742;;;;;;;;;;;;;;;;;;;;;;;
75;OFICIALES Y OPERARIOS DE PROCESAMIENTO DE ALIMENTOS, DE LA CONFECCIÓN, EBANISTAS Y AFINES;7;;;;;;;;;;;;;;;;;;;;;;;
751;Oficiales y operarios de procesamiento de alimentos y afines;75;;;;;;;;;;;;;;;;;;;;;;;
7511;Carniceros, pescaderos y afines;751;;;;;;;;;;;;;;;;;;;;;;;
7512;Panaderos, pasteleros y confiteros;751;;;;;;;;;;;;;;;;;;;;;;;
7513;Operarios de la elaboración de productos lácteos;751;;;;;;;;;;;;;;;;;;;;;;;
7514;Operarios de la conservación de frutas, legumbres, verduras y afines;751;;;;;;;;;;;;;;;;;;;;;;;
7515;Catadores y clasificadores de alimentos y bebidas;751;;;;;;;;;;;;;;;;;;;;;;;
7516;Preparadores y elaboradores de cigarros y productos del tabaco ;751;;;;;;;;;;;;;;;;;;;;;;;
752;Oficiales y operarios del tratamiento de la madera, ebanistas y afines;75;;;;;;;;;;;;;;;;;;;;;;;
7521;Operarios del tratamiento de la madera;752;;;;;;;;;;;;;;;;;;;;;;;
7522;Ebanistas y carpinteros (excluye carpinteros de armar y de obra blanca);752;;;;;;;;;;;;;;;;;;;;;;;
7523;Ajustadores y operadores de máquinas para trabajar madera;752;;;;;;;;;;;;;;;;;;;;;;;
753;Oficiales y operarios de la confección y afines;75;;;;;;;;;;;;;;;;;;;;;;;
7531;Sastres, modistos, peleteros y sombrereros;753;;;;;;;;;;;;;;;;;;;;;;;
7532;Patronistas y cortadores de tela, cuero y afines;753;;;;;;;;;;;;;;;;;;;;;;;
7533;Costureros, bordadores y afines;753;;;;;;;;;;;;;;;;;;;;;;;
7534;Tapiceros, colchoneros y afines;753;;;;;;;;;;;;;;;;;;;;;;;
7535;Apelambradores, pellejeros y curtidores;753;;;;;;;;;;;;;;;;;;;;;;;
7536;Zapateros y afines;753;;;;;;;;;;;;;;;;;;;;;;;
754;Otros oficiales, operarios y afines;75;;;;;;;;;;;;;;;;;;;;;;;
7541;Buzos;754;;;;;;;;;;;;;;;;;;;;;;;
7542;Dinamiteros y pegadores;754;;;;;;;;;;;;;;;;;;;;;;;
7543;Clasificadores y probadores de productos (excluyendo alimentos y bebidas);754;;;;;;;;;;;;;;;;;;;;;;;
7544;Fumigadores y otros controladores de plagas y malas hierbas;754;;;;;;;;;;;;;;;;;;;;;;;
7549;Otros oficiales, operarios y oficios relacionados no clasificados en otros grupos primarios;754;;;;;;;;;;;;;;;;;;;;;;;
8;OPERADORES DE INSTALACIONES Y MÁQUINAS Y ENSAMBLADORES ;;;;;;;;;;;;;;;;;;;;;;;;
81;OPERADORES DE INSTALACIONES FIJAS Y MAQUINAS;8;;;;;;;;;;;;;;;;;;;;;;;
811;Operadores de instalaciones mineras y de extracción y procesamiento de minerales ;81;;;;;;;;;;;;;;;;;;;;;;;
8111;Mineros y operadores de instalaciones mineras;811;;;;;;;;;;;;;;;;;;;;;;;
8112;Operadores de instalaciones de procesamiento de minerales y rocas;811;;;;;;;;;;;;;;;;;;;;;;;
8113;Perforadores y sondistas de pozos y afines;811;;;;;;;;;;;;;;;;;;;;;;;
8114;Operadores de máquinas para fabricar cemento y otros productos minerales;811;;;;;;;;;;;;;;;;;;;;;;;
812;Operadores de instalaciones de procesamiento y recubridoras de metales ;81;;;;;;;;;;;;;;;;;;;;;;;
8121;Operadores de instalaciones de procesamiento de metales;812;;;;;;;;;;;;;;;;;;;;;;;
8122;Operadores de máquinas pulidoras, galvanizadoras y recubridoras de metales ;812;;;;;;;;;;;;;;;;;;;;;;;
813;Operadores de instalaciones y máquinas de productos químicos y fotográficos;81;;;;;;;;;;;;;;;;;;;;;;;
8131;Operadores de plantas y máquinas de productos químicos;813;;;;;;;;;;;;;;;;;;;;;;;
8132;Operadores de máquinas para fabricar productos fotográficos;813;;;;;;;;;;;;;;;;;;;;;;;
814;Operadores de máquinas para fabricar productos de caucho, de papel y de material plástico;81;;;;;;;;;;;;;;;;;;;;;;;
8141;Operadores de máquinas para fabricar productos de caucho;814;;;;;;;;;;;;;;;;;;;;;;;
8142;Operadores de máquinas para fabricar productos de material plástico;814;;;;;;;;;;;;;;;;;;;;;;;
8143;Operadores de máquinas para fabricar productos de papel;814;;;;;;;;;;;;;;;;;;;;;;;
815;Operadores de máquinas para fabricar productos textiles y artículos de piel y cuero;81;;;;;;;;;;;;;;;;;;;;;;;
8151;Operadores de máquinas de preparación de fibras, hilado y devanado;815;;;;;;;;;;;;;;;;;;;;;;;
8152;Operadores de telares y otras máquinas tejedoras;815;;;;;;;;;;;;;;;;;;;;;;;
8153;Operadores de máquinas de coser;815;;;;;;;;;;;;;;;;;;;;;;;
8154;Operadores de máquinas de blanqueamiento, teñido y limpieza de tejidos;815;;;;;;;;;;;;;;;;;;;;;;;
8155;Operadores de máquinas de tratamiento de pieles y cueros;815;;;;;;;;;;;;;;;;;;;;;;;
8156;Operadores de máquinas para la fabricación de calzado y afines;815;;;;;;;;;;;;;;;;;;;;;;;
8157;Operadores de máquinas de lavandería;815;;;;;;;;;;;;;;;;;;;;;;;
8159;Operadores de máquinas para fabricar productos textiles y artículos de piel y cuero no clasificados en otros grupos primarios;815;;;;;;;;;;;;;;;;;;;;;;;
816;Operadores de máquinas para elaborar alimentos y productos afines;81;;;;;;;;;;;;;;;;;;;;;;;
8160;Operadores de máquinas para elaborar alimentos y productos afines;816;;;;;;;;;;;;;;;;;;;;;;;
817;Operadores de instalaciones para la preparación de papel y de procesamiento de la madera;81;;;;;;;;;;;;;;;;;;;;;;;
8171;Operadores de instalaciones para la preparación de papel y de pasta para papel;817;;;;;;;;;;;;;;;;;;;;;;;
8172;Operadores de instalaciones de procesamiento de la madera;817;;;;;;;;;;;;;;;;;;;;;;;
818;Otros operadores de máquinas y de instalaciones fijas;81;;;;;;;;;;;;;;;;;;;;;;;
8181;Operadores de máquinas y de instalaciones para elaborar productos de vidrio y cerámica;818;;;;;;;;;;;;;;;;;;;;;;;
8182;Operadores de máquinas de vapor y calderas;818;;;;;;;;;;;;;;;;;;;;;;;
8183;Operadores de máquinas de embalaje, embotellamiento y etiquetado ;818;;;;;;;;;;;;;;;;;;;;;;;
8189;Otros operadores de máquinas y de instalaciones fijas no clasificados en otros grupos primarios;818;;;;;;;;;;;;;;;;;;;;;;;
82;ENSAMBLADORES ;8;;;;;;;;;;;;;;;;;;;;;;;
821;Ensambladores;82;;;;;;;;;;;;;;;;;;;;;;;
8211;Ensambladores de maquinaria mecánica;821;;;;;;;;;;;;;;;;;;;;;;;
8212;Ensambladores de equipos eléctricos y electrónicos;821;;;;;;;;;;;;;;;;;;;;;;;
8219;Ensambladores no clasificados en otros grupos primarios;821;;;;;;;;;;;;;;;;;;;;;;;
83;CONDUCTORES DE VEHÍCULOS Y OPERADORES DE EQUIPOS PESADOS MÓVILES;8;;;;;;;;;;;;;;;;;;;;;;;
831;Maquinistas de locomotoras y afines;83;;;;;;;;;;;;;;;;;;;;;;;
8311;Maquinistas de locomotoras;831;;;;;;;;;;;;;;;;;;;;;;;
8312;Guardafrenos, guardagujas y agentes de maniobras;831;;;;;;;;;;;;;;;;;;;;;;;
832;Conductores de automóviles, camionetas y motocicletas;83;;;;;;;;;;;;;;;;;;;;;;;
8321;Conductores de motocicletas;832;;;;;;;;;;;;;;;;;;;;;;;
8322;Se desagrega en 8323 y 8324 por adaptación;832;;;;;;;;;;;;;;;;;;;;;;;
8323;Conductores de camionetas y vehículos livianos;832;;;;;;;;;;;;;;;;;;;;;;;
8324;Conductores de taxis;832;;;;;;;;;;;;;;;;;;;;;;;
833;Conductores de camiones pesados y buses;83;;;;;;;;;;;;;;;;;;;;;;;
8331;Conductores de buses, microbuses y tranvías;833;;;;;;;;;;;;;;;;;;;;;;;
8332;Conductores de camiones y vehículos pesados;833;;;;;;;;;;;;;;;;;;;;;;;
834;Operadores de maquinaria agrícola móvil y de otras máquinas móviles;83;;;;;;;;;;;;;;;;;;;;;;;
8341;Operadores de maquinaria agrícola y forestal móvil;834;;;;;;;;;;;;;;;;;;;;;;;
8342;Operadores de máquinas de movimiento de tierras, construcción de vías y afines;834;;;;;;;;;;;;;;;;;;;;;;;
8343;Operadores de grúas, aparatos elevadores y afines;834;;;;;;;;;;;;;;;;;;;;;;;
8344;Operadores de montacargas;834;;;;;;;;;;;;;;;;;;;;;;;
835;Marineros de cubierta y afines;83;;;;;;;;;;;;;;;;;;;;;;;
8350;Marineros de cubierta y afines;835;;;;;;;;;;;;;;;;;;;;;;;
9;OCUPACIONES ELEMENTALES;;;;;;;;;;;;;;;;;;;;;;;;
91;PERSONAL DOMESTICO Y DE ASEO;9;;;;;;;;;;;;;;;;;;;;;;;
911;Personal doméstico, aseadores de hoteles, oficinas y otros establecimientos;91;;;;;;;;;;;;;;;;;;;;;;;
9111;Personal doméstico;911;;;;;;;;;;;;;;;;;;;;;;;
9112;Aseadores de oficinas, hoteles y otros establecimientos;911;;;;;;;;;;;;;;;;;;;;;;;
912;Limpiadores de vehículos, ventanas, ropa y otra limpieza a mano;91;;;;;;;;;;;;;;;;;;;;;;;
9121;Lavanderos y planchadores manuales;912;;;;;;;;;;;;;;;;;;;;;;;
9122;Lavadores de vehículos;912;;;;;;;;;;;;;;;;;;;;;;;
9123;Limpiadores de ventanas;912;;;;;;;;;;;;;;;;;;;;;;;
9129;Otro personal de limpieza no clasificados en otros grupos primarios;912;;;;;;;;;;;;;;;;;;;;;;;
92;OBREROS Y PEONES AGROPECUARIOS, PESQUEROS Y FORESTALES;9;;;;;;;;;;;;;;;;;;;;;;;
921;Obreros y peones agropecuarios, pesqueros y forestales;92;;;;;;;;;;;;;;;;;;;;;;;
9211;Obreros y peones de explotaciones agrícolas;921;;;;;;;;;;;;;;;;;;;;;;;
9212;Obreros y peones de explotaciones ganaderas;921;;;;;;;;;;;;;;;;;;;;;;;
9213;Obreros y peones de explotaciones agropecuarias;921;;;;;;;;;;;;;;;;;;;;;;;
9214;Obreros y peones de jardinería y horticultura;921;;;;;;;;;;;;;;;;;;;;;;;
9215;Obreros y peones forestales;921;;;;;;;;;;;;;;;;;;;;;;;
9216;Obreros y peones de pesca y acuicultura;921;;;;;;;;;;;;;;;;;;;;;;;
93;"OBREROS Y PEONES DE LA MINERIA, LA CONSTRUCCIÓN, LA INDUSTRA
MANUFACTURERA Y EL TRANSPORTE";9;;;;;;;;;;;;;;;;;;;;;;;
931;Obreros y peones de la minería y la construcción;93;;;;;;;;;;;;;;;;;;;;;;;
9311;Obreros y peones de minas y canteras;931;;;;;;;;;;;;;;;;;;;;;;;
9312;Obreros y peones de obras públicas y mantenimiento;931;;;;;;;;;;;;;;;;;;;;;;;
9313;Obreros y peones de la construcción de edificios;931;;;;;;;;;;;;;;;;;;;;;;;
932;Obreros y peones de la industria manufacturera;93;;;;;;;;;;;;;;;;;;;;;;;
9321;Empacadores manuales;932;;;;;;;;;;;;;;;;;;;;;;;
9329;Obreros y peones de la industria manufacturera no clasificados en otros grupos primarios;932;;;;;;;;;;;;;;;;;;;;;;;
933;Obreros y peones de transporte y almacenamiento;93;;;;;;;;;;;;;;;;;;;;;;;
9331;Conductores de vehículos accionados a pedal o a brazo;933;;;;;;;;;;;;;;;;;;;;;;;
9332;Conductores de vehículos y maquinaria de tracción animal;933;;;;;;;;;;;;;;;;;;;;;;;
9333;Obreros y peones de carga;933;;;;;;;;;;;;;;;;;;;;;;;
9334;Surtidores de estanterías;933;;;;;;;;;;;;;;;;;;;;;;;
94;AYUDANTES DE PREPARACION DE ALIMENTOS;9;;;;;;;;;;;;;;;;;;;;;;;
941;Ayudantes de preparación de alimentos;94;;;;;;;;;;;;;;;;;;;;;;;
9411;Cocineros de comidas rápidas;941;;;;;;;;;;;;;;;;;;;;;;;
9412;Ayudantes de cocina;941;;;;;;;;;;;;;;;;;;;;;;;
95;VENDEDORES AMBULANTES DE SERVICIOS Y AFINES (excluyendo comidas de preparación inmediata);9;;;;;;;;;;;;;;;;;;;;;;;
951;Trabajadores ambulantes de servicios y afines;95;;;;;;;;;;;;;;;;;;;;;;;
9510;Trabajadores ambulantes de servicios y afines;951;;;;;;;;;;;;;;;;;;;;;;;
952;Vendedores ambulantes (excluyendo comidas de preparación inmediata);95;;;;;;;;;;;;;;;;;;;;;;;
9520;Vendedores ambulantes (excluyendo comidas de preparación inmediata);952;;;;;;;;;;;;;;;;;;;;;;;
96;RECOLECTORES DE DESECHOS Y OTRAS OCUPACIONES ELEMENTALES;9;;;;;;;;;;;;;;;;;;;;;;;
961;Recolectores de desechos;96;;;;;;;;;;;;;;;;;;;;;;;
9611;Recolectores de basura y material reciclable;961;;;;;;;;;;;;;;;;;;;;;;;
9612;Clasificadores de desechos;961;;;;;;;;;;;;;;;;;;;;;;;
9613;Barrenderos y afines;961;;;;;;;;;;;;;;;;;;;;;;;
962;Otras ocupaciones elementales;96;;;;;;;;;;;;;;;;;;;;;;;
9621;Mensajeros, mandaderos, maleteros y repartidores;962;;;;;;;;;;;;;;;;;;;;;;;
9622;Personas que realizan trabajos varios;962;;;;;;;;;;;;;;;;;;;;;;;
9623;Se desagrega en 9625 y 9626 por adaptación;962;;;;;;;;;;;;;;;;;;;;;;;
9624;Acarreadores de agua y recolectores de leña;962;;;;;;;;;;;;;;;;;;;;;;;
9625;Recolectores de dinero y surtidores de máquinas de venta automática;962;;;;;;;;;;;;;;;;;;;;;;;
9626;Lectores de medidores;962;;;;;;;;;;;;;;;;;;;;;;;
9629;Otras ocupaciones elementales no clasificadas en otros grupos primarios;962;;;;;;;;;;;;;;;;;;;;;;;
;;;;;;;;;;;;;;;;;;;;;;;;;
;;;;;;;;;;;;;;;;;;;;;;;;;
;;;;;;;;;;;;;;;;;;;;;;;;;
;;;;;;;;;;;;;;;;;;;;;;;;;
;;;;;;;;;;;;;;;;;;;;;;;;;
;;;;;;;;;;;;;;;;;;;;;;;;;
;;;;;;;;;;;;;;;;;;;;;;;;;
;;;;;;;;;;;;;;;;;;;;;;;;;
;;;;;;;;;;;;;;;;;;;;;;;;;
;;;;;;;;;;;;;;;;;;;;;;;;;
;;;;;;;;;;;;;;;;;;;;;;;;;
;;;;;;;;;;;;;;;;;;;;;;;;;
;;;;;;;;;;;;;;;;;;;;;;;;;
;;;;;;;;;;;;;;;;;;;;;;;;;
;;;;;;;;;;;;;;;;;;;;;;;;;
;;;;;;;;;;;;;;;;;;;;;;;;;
;;;;;;;;;;;;;;;;;;;;;;;;;
;;;;;;;;;;;;;;;;;;;;;;;;;
;;;;;;;;;;;;;;;;;;;;;;;;;
;;;;;;;;;;;;;;;;;;;;;;;;;
;;;;;;;;;;;;;;;;;;;;;;;;;
;;;;;;;;;;;;;;;;;;;;;;;;;
;;;;;;;;;;;;;;;;;;;;;;;;;
;;;;;;;;;;;;;;;;;;;;;;;;;
;;;;;;;;;;;;;;;;;;;;;;;;;
;;;;;;;;;;;;;;;;;;;;;;;;;
;;;;;;;;;;;;;;;;;;;;;;;;;
;;;;;;;;;;;;;;;;;;;;;;;;;
;;;;;;;;;;;;;;;;;;;;;;;;;
;;;;;;;;;;;;;;;;;;;;;;;;;
;;;;;;;;;;;;;;;;;;;;;;;;;
;;;;;;;;;;;;;;;;;;;;;;;;;
;;;;;;;;;;;;;;;;;;;;;;;;;
;;;;;;;;;;;;;;;;;;;;;;;;;
;;;;;;;;;;;;;;;;;;;;;;;;;
;;;;;;;;;;;;;;;;;;;;;;;;;
;;;;;;;;;;;;;;;;;;;;;;;;;
;;;;;;;;;;;;;;;;;;;;;;;;;
;;;;;;;;;;;;;;;;;;;;;;;;;
;;;;;;;;;;;;;;;;;;;;;;;;;
;;;;;;;;;;;;;;;;;;;;;;;;;
;;;;;;;;;;;;;;;;;;;;;;;;;
;;;;;;;;;;;;;;;;;;;;;;;;;
;;;;;;;;;;;;;;;;;;;;;;;;;
;;;;;;;;;;;;;;;;;;;;;;;;;
;;;;;;;;;;;;;;;;;;;;;;;;;
;;;;;;;;;;;;;;;;;;;;;;;;;
;;;;;;;;;;;;;;;;;;;;;;;;;
;;;;;;;;;;;;;;;;;;;;;;;;;
;;;;;;;;;;;;;;;;;;;;;;;;;
;;;;;;;;;;;;;;;;;;;;;;;;;
;;;;;;;;;;;;;;;;;;;;;;;;;
;;;;;;;;;;;;;;;;;;;;;;;;;
;;;;;;;;;;;;;;;;;;;;;;;;;
;;;;;;;;;;;;;;;;;;;;;;;;;
;;;;;;;;;;;;;;;;;;;;;;;;;
;;;;;;;;;;;;;;;;;;;;;;;;;
;;;;;;;;;;;;;;;;;;;;;;;;;
;;;;;;;;;;;;;;;;;;;;;;;;;
;;;;;;;;;;;;;;;;;;;;;;;;;
;;;;;;;;;;;;;;;;;;;;;;;;;
;;;;;;;;;;;;;;;;;;;;;;;;;
;;;;;;;;;;;;;;;;;;;;;;;;;
;;;;;;;;;;;;;;;;;;;;;;;;;
;;;;;;;;;;;;;;;;;;;;;;;;;
;;;;;;;;;;;;;;;;;;;;;;;;;
;;;;;;;;;;;;;;;;;;;;;;;;;
;;;;;;;;;;;;;;;;;;;;;;;;;
;;;;;;;;;;;;;;;;;;;;;;;;;
;;;;;;;;;;;;;;;;;;;;;;;;;
;;;;;;;;;;;;;;;;;;;;;;;;;
;;;;;;;;;;;;;;;;;;;;;;;;;
;;;;;;;;;;;;;;;;;;;;;;;;;
;;;;;;;;;;;;;;;;;;;;;;;;;
;;;;;;;;;;;;;;;;;;;;;;;;;
;;;;;;;;;;;;;;;;;;;;;;;;;
;;;;;;;;;;;;;;;;;;;;;;;;;
;;;;;;;;;;;;;;;;;;;;;;;;;
;;;;;;;;;;;;;;;;;;;;;;;;;
;;;;;;;;;;;;;;;;;;;;;;;;;
;;;;;;;;;;;;;;;;;;;;;;;;;
;;;;;;;;;;;;;;;;;;;;;;;;;
;;;;;;;;;;;;;;;;;;;;;;;;;
;;;;;;;;;;;;;;;;;;;;;;;;;
;;;;;;;;;;;;;;;;;;;;;;;;;
;;;;;;;;;;;;;;;;;;;;;;;;;
;;;;;;;;;;;;;;;;;;;;;;;;;
;;;;;;;;;;;;;;;;;;;;;;;;;
;;;;;;;;;;;;;;;;;;;;;;;;;
;;;;;;;;;;;;;;;;;;;;;;;;;
;;;;;;;;;;;;;;;;;;;;;;;;;
;;;;;;;;;;;;;;;;;;;;;;;;;
;;;;;;;;;;;;;;;;;;;;;;;;;
;;;;;;;;;;;;;;;;;;;;;;;;;
;;;;;;;;;;;;;;;;;;;;;;;;;
;;;;;;;;;;;;;;;;;;;;;;;;;
;;;;;;;;;;;;;;;;;;;;;;;;;
;;;;;;;;;;;;;;;;;;;;;;;;;
;;;;;;;;;;;;;;;;;;;;;;;;;
;;;;;;;;;;;;;;;;;;;;;;;;;
;;;;;;;;;;;;;;;;;;;;;;;;;
;;;;;;;;;;;;;;;;;;;;;;;;;
;;;;;;;;;;;;;;;;;;;;;;;;;
;;;;;;;;;;;;;;;;;;;;;;;;;
;;;;;;;;;;;;;;;;;;;;;;;;;
;;;;;;;;;;;;;;;;;;;;;;;;;
;;;;;;;;;;;;;;;;;;;;;;;;;
;;;;;;;;;;;;;;;;;;;;;;;;;
;;;;;;;;;;;;;;;;;;;;;;;;;
;;;;;;;;;;;;;;;;;;;;;;;;;
;;;;;;;;;;;;;;;;;;;;;;;;;
;;;;;;;;;;;;;;;;;;;;;;;;;
;;;;;;;;;;;;;;;;;;;;;;;;;
;;;;;;;;;;;;;;;;;;;;;;;;;
;;;;;;;;;;;;;;;;;;;;;;;;;
;;;;;;;;;;;;;;;;;;;;;;;;;
;;;;;;;;;;;;;;;;;;;;;;;;;
;;;;;;;;;;;;;;;;;;;;;;;;;
;;;;;;;;;;;;;;;;;;;;;;;;;
;;;;;;;;;;;;;;;;;;;;;;;;;
;;;;;;;;;;;;;;;;;;;;;;;;;
;;;;;;;;;;;;;;;;;;;;;;;;;
;;;;;;;;;;;;;;;;;;;;;;;;;
;;;;;;;;;;;;;;;;;;;;;;;;;
;;;;;;;;;;;;;;;;;;;;;;;;;
;;;;;;;;;;;;;;;;;;;;;;;;;
;;;;;;;;;;;;;;;;;;;;;;;;;
;;;;;;;;;;;;;;;;;;;;;;;;;
;;;;;;;;;;;;;;;;;;;;;;;;;
;;;;;;;;;;;;;;;;;;;;;;;;;
;;;;;;;;;;;;;;;;;;;;;;;;;
;;;;;;;;;;;;;;;;;;;;;;;;;
;;;;;;;;;;;;;;;;;;;;;;;;;
;;;;;;;;;;;;;;;;;;;;;;;;;
;;;;;;;;;;;;;;;;;;;;;;;;;
;;;;;;;;;;;;;;;;;;;;;;;;;
;;;;;;;;;;;;;;;;;;;;;;;;;
;;;;;;;;;;;;;;;;;;;;;;;;;
;;;;;;;;;;;;;;;;;;;;;;;;;
;;;;;;;;;;;;;;;;;;;;;;;;;
;;;;;;;;;;;;;;;;;;;;;;;;;
;;;;;;;;;;;;;;;;;;;;;;;;;
;;;;;;;;;;;;;;;;;;;;;;;;;
;;;;;;;;;;;;;;;;;;;;;;;;;
;;;;;;;;;;;;;;;;;;;;;;;;;
;;;;;;;;;;;;;;;;;;;;;;;;;
;;;;;;;;;;;;;;;;;;;;;;;;;
;;;;;;;;;;;;;;;;;;;;;;;;;
;;;;;;;;;;;;;;;;;;;;;;;;;
;;;;;;;;;;;;;;;;;;;;;;;;;
;;;;;;;;;;;;;;;;;;;;;;;;;
;;;;;;;;;;;;;;;;;;;;;;;;;
;;;;;;;;;;;;;;;;;;;;;;;;;
;;;;;;;;;;;;;;;;;;;;;;;;;
;;;;;;;;;;;;;;;;;;;;;;;;;
;;;;;;;;;;;;;;;;;;;;;;;;;
;;;;;;;;;;;;;;;;;;;;;;;;;
;;;;;;;;;;;;;;;;;;;;;;;;;
;;;;;;;;;;;;;;;;;;;;;;;;;
;;;;;;;;;;;;;;;;;;;;;;;;;
;;;;;;;;;;;;;;;;;;;;;;;;;
;;;;;;;;;;;;;;;;;;;;;;;;;
;;;;;;;;;;;;;;;;;;;;;;;;;
;;;;;;;;;;;;;;;;;;;;;;;;;
;;;;;;;;;;;;;;;;;;;;;;;;;
;;;;;;;;;;;;;;;;;;;;;;;;;
;;;;;;;;;;;;;;;;;;;;;;;;;
;;;;;;;;;;;;;;;;;;;;;;;;;
;;;;;;;;;;;;;;;;;;;;;;;;;
;;;;;;;;;;;;;;;;;;;;;;;;;
;;;;;;;;;;;;;;;;;;;;;;;;;
;;;;;;;;;;;;;;;;;;;;;;;;;
;;;;;;;;;;;;;;;;;;;;;;;;;
;;;;;;;;;;;;;;;;;;;;;;;;;
;;;;;;;;;;;;;;;;;;;;;;;;;
;;;;;;;;;;;;;;;;;;;;;;;;;
;;;;;;;;;;;;;;;;;;;;;;;;;
;;;;;;;;;;;;;;;;;;;;;;;;;
;;;;;;;;;;;;;;;;;;;;;;;;;
;;;;;;;;;;;;;;;;;;;;;;;;;
;;;;;;;;;;;;;;;;;;;;;;;;;
;;;;;;;;;;;;;;;;;;;;;;;;;
;;;;;;;;;;;;;;;;;;;;;;;;;
;;;;;;;;;;;;;;;;;;;;;;;;;
;;;;;;;;;;;;;;;;;;;;;;;;;
;;;;;;;;;;;;;;;;;;;;;;;;;
;;;;;;;;;;;;;;;;;;;;;;;;;
;;;;;;;;;;;;;;;;;;;;;;;;;
;;;;;;;;;;;;;;;;;;;;;;;;;
;;;;;;;;;;;;;;;;;;;;;;;;;
;;;;;;;;;;;;;;;;;;;;;;;;;
;;;;;;;;;;;;;;;;;;;;;;;;;
;;;;;;;;;;;;;;;;;;;;;;;;;
;;;;;;;;;;;;;;;;;;;;;;;;;
;;;;;;;;;;;;;;;;;;;;;;;;;
;;;;;;;;;;;;;;;;;;;;;;;;;
;;;;;;;;;;;;;;;;;;;;;;;;;
;;;;;;;;;;;;;;;;;;;;;;;;;
;;;;;;;;;;;;;;;;;;;;;;;;;
;;;;;;;;;;;;;;;;;;;;;;;;;
;;;;;;;;;;;;;;;;;;;;;;;;;
;;;;;;;;;;;;;;;;;;;;;;;;;
;;;;;;;;;;;;;;;;;;;;;;;;;
;;;;;;;;;;;;;;;;;;;;;;;;;
;;;;;;;;;;;;;;;;;;;;;;;;;
;;;;;;;;;;;;;;;;;;;;;;;;;
;;;;;;;;;;;;;;;;;;;;;;;;;
;;;;;;;;;;;;;;;;;;;;;;;;;
;;;;;;;;;;;;;;;;;;;;;;;;;
;;;;;;;;;;;;;;;;;;;;;;;;;
;;;;;;;;;;;;;;;;;;;;;;;;;
;;;;;;;;;;;;;;;;;;;;;;;;;
;;;;;;;;;;;;;;;;;;;;;;;;;
;;;;;;;;;;;;;;;;;;;;;;;;;
;;;;;;;;;;;;;;;;;;;;;;;;;
;;;;;;;;;;;;;;;;;;;;;;;;;
;;;;;;;;;;;;;;;;;;;;;;;;;
;;;;;;;;;;;;;;;;;;;;;;;;;
;;;;;;;;;;;;;;;;;;;;;;;;;
;;;;;;;;;;;;;;;;;;;;;;;;;
;;;;;;;;;;;;;;;;;;;;;;;;;
;;;;;;;;;;;;;;;;;;;;;;;;;
;;;;;;;;;;;;;;;;;;;;;;;;;
;;;;;;;;;;;;;;;;;;;;;;;;;
;;;;;;;;;;;;;;;;;;;;;;;;;
;;;;;;;;;;;;;;;;;;;;;;;;;
;;;;;;;;;;;;;;;;;;;;;;;;;
;;;;;;;;;;;;;;;;;;;;;;;;;
;;;;;;;;;;;;;;;;;;;;;;;;;
;;;;;;;;;;;;;;;;;;;;;;;;;
;;;;;;;;;;;;;;;;;;;;;;;;;
;;;;;;;;;;;;;;;;;;;;;;;;;
;;;;;;;;;;;;;;;;;;;;;;;;;
;;;;;;;;;;;;;;;;;;;;;;;;;
;;;;;;;;;;;;;;;;;;;;;;;;;
;;;;;;;;;;;;;;;;;;;;;;;;;
;;;;;;;;;;;;;;;;;;;;;;;;;
;;;;;;;;;;;;;;;;;;;;;;;;;
;;;;;;;;;;;;;;;;;;;;;;;;;
;;;;;;;;;;;;;;;;;;;;;;;;;
;;;;;;;;;;;;;;;;;;;;;;;;;
;;;;;;;;;;;;;;;;;;;;;;;;;
;;;;;;;;;;;;;;;;;;;;;;;;;
;;;;;;;;;;;;;;;;;;;;;;;;;
;;;;;;;;;;;;;;;;;;;;;;;;;
;;;;;;;;;;;;;;;;;;;;;;;;;
;;;;;;;;;;;;;;;;;;;;;;;;;
;;;;;;;;;;;;;;;;;;;;;;;;;
;;;;;;;;;;;;;;;;;;;;;;;;;
;;;;;;;;;;;;;;;;;;;;;;;;;
;;;;;;;;;;;;;;;;;;;;;;;;;
;;;;;;;;;;;;;;;;;;;;;;;;;
;;;;;;;;;;;;;;;;;;;;;;;;;
;;;;;;;;;;;;;;;;;;;;;;;;;
;;;;;;;;;;;;;;;;;;;;;;;;;
;;;;;;;;;;;;;;;;;;;;;;;;;
;;;;;;;;;;;;;;;;;;;;;;;;;
;;;;;;;;;;;;;;;;;;;;;;;;;
;;;;;;;;;;;;;;;;;;;;;;;;;
;;;;;;;;;;;;;;;;;;;;;;;;;
;;;;;;;;;;;;;;;;;;;;;;;;;
;;;;;;;;;;;;;;;;;;;;;;;;;
;;;;;;;;;;;;;;;;;;;;;;;;;
;;;;;;;;;;;;;;;;;;;;;;;;;
;;;;;;;;;;;;;;;;;;;;;;;;;
;;;;;;;;;;;;;;;;;;;;;;;;;
;;;;;;;;;;;;;;;;;;;;;;;;;
;;;;;;;;;;;;;;;;;;;;;;;;;
;;;;;;;;;;;;;;;;;;;;;;;;;
;;;;;;;;;;;;;;;;;;;;;;;;;
;;;;;;;;;;;;;;;;;;;;;;;;;
;;;;;;;;;;;;;;;;;;;;;;;;;
;;;;;;;;;;;;;;;;;;;;;;;;;
;;;;;;;;;;;;;;;;;;;;;;;;;
;;;;;;;;;;;;;;;;;;;;;;;;;
;;;;;;;;;;;;;;;;;;;;;;;;;
;;;;;;;;;;;;;;;;;;;;;;;;;
;;;;;;;;;;;;;;;;;;;;;;;;;
;;;;;;;;;;;;;;;;;;;;;;;;;
;;;;;;;;;;;;;;;;;;;;;;;;;
;;;;;;;;;;;;;;;;;;;;;;;;;
;;;;;;;;;;;;;;;;;;;;;;;;;
;;;;;;;;;;;;;;;;;;;;;;;;;
;;;;;;;;;;;;;;;;;;;;;;;;;
;;;;;;;;;;;;;;;;;;;;;;;;;
;;;;;;;;;;;;;;;;;;;;;;;;;
;;;;;;;;;;;;;;;;;;;;;;;;;
;;;;;;;;;;;;;;;;;;;;;;;;;
;;;;;;;;;;;;;;;;;;;;;;;;;
;;;;;;;;;;;;;;;;;;;;;;;;;
;;;;;;;;;;;;;;;;;;;;;;;;;
;;;;;;;;;;;;;;;;;;;;;;;;;
;;;;;;;;;;;;;;;;;;;;;;;;;
;;;;;;;;;;;;;;;;;;;;;;;;;
;;;;;;;;;;;;;;;;;;;;;;;;;
;;;;;;;;;;;;;;;;;;;;;;;;;
;;;;;;;;;;;;;;;;;;;;;;;;;
;;;;;;;;;;;;;;;;;;;;;;;;;
;;;;;;;;;;;;;;;;;;;;;;;;;
;;;;;;;;;;;;;;;;;;;;;;;;;
;;;;;;;;;;;;;;;;;;;;;;;;;
;;;;;;;;;;;;;;;;;;;;;;;;;
;;;;;;;;;;;;;;;;;;;;;;;;;
;;;;;;;;;;;;;;;;;;;;;;;;;
;;;;;;;;;;;;;;;;;;;;;;;;;
;;;;;;;;;;;;;;;;;;;;;;;;;
;;;;;;;;;;;;;;;;;;;;;;;;;
;;;;;;;;;;;;;;;;;;;;;;;;;
;;;;;;;;;;;;;;;;;;;;;;;;;
;;;;;;;;;;;;;;;;;;;;;;;;;
;;;;;;;;;;;;;;;;;;;;;;;;;
;;;;;;;;;;;;;;;;;;;;;;;;;
;;;;;;;;;;;;;;;;;;;;;;;;;
;;;;;;;;;;;;;;;;;;;;;;;;;
;;;;;;;;;;;;;;;;;;;;;;;;;
;;;;;;;;;;;;;;;;;;;;;;;;;
;;;;;;;;;;;;;;;;;;;;;;;;;
;;;;;;;;;;;;;;;;;;;;;;;;;
;;;;;;;;;;;;;;;;;;;;;;;;;
;;;;;;;;;;;;;;;;;;;;;;;;;
;;;;;;;;;;;;;;;;;;;;;;;;;
;;;;;;;;;;;;;;;;;;;;;;;;;
;;;;;;;;;;;;;;;;;;;;;;;;;
;;;;;;;;;;;;;;;;;;;;;;;;;
;;;;;;;;;;;;;;;;;;;;;;;;;
;;;;;;;;;;;;;;;;;;;;;;;;;
;;;;;;;;;;;;;;;;;;;;;;;;;
;;;;;;;;;;;;;;;;;;;;;;;;;
;;;;;;;;;;;;;;;;;;;;;;;;;
;;;;;;;;;;;;;;;;;;;;;;;;;
;;;;;;;;;;;;;;;;;;;;;;;;;
;;;;;;;;;;;;;;;;;;;;;;;;;
;;;;;;;;;;;;;;;;;;;;;;;;;
;;;;;;;;;;;;;;;;;;;;;;;;;
;;;;;;;;;;;;;;;;;;;;;;;;;
;;;;;;;;;;;;;;;;;;;;;;;;;
;;;;;;;;;;;;;;;;;;;;;;;;;
;;;;;;;;;;;;;;;;;;;;;;;;;
;;;;;;;;;;;;;;;;;;;;;;;;;
;;;;;;;;;;;;;;;;;;;;;;;;;
;;;;;;;;;;;;;;;;;;;;;;;;;
;;;;;;;;;;;;;;;;;;;;;;;;;
;;;;;;;;;;;;;;;;;;;;;;;;;
;;;;;;;;;;;;;;;;;;;;;;;;;
;;;;;;;;;;;;;;;;;;;;;;;;;
;;;;;;;;;;;;;;;;;;;;;;;;;
;;;;;;;;;;;;;;;;;;;;;;;;;
;;;;;;;;;;;;;;;;;;;;;;;;;
;;;;;;;;;;;;;;;;;;;;;;;;;
;;;;;;;;;;;;;;;;;;;;;;;;;
;;;;;;;;;;;;;;;;;;;;;;;;;
;;;;;;;;;;;;;;;;;;;;;;;;;
;;;;;;;;;;;;;;;;;;;;;;;;;
